,CommonElement,RowNumberInA,IndexNumberInRow,RowNumberInB,IndexNumberInRow
0,tr|Q7ZUR2|Q7ZUR2_DANRE,3997,1,430,0
1,tr|A0A2R8RIK5|A0A2R8RIK5_DANRE,1848,0,732,1
2,tr|A0A2R8QE41|A0A2R8QE41_DANRE,809,0,141,1
3,tr|A0A0J9YJ57|A0A0J9YJ57_DANRE,902,4,163,3
4,tr|F8W3Z7|F8W3Z7_DANRE,1799,3,369,1
5,tr|F6NN58|F6NN58_DANRE,1384,3,24,2
6,tr|A0A2R8QUE9|A0A2R8QUE9_DANRE,1467,24,166,38
7,sp|Q1MTE5|ARL3_DANRE,211,3,46,1
8,tr|A0A0J9YJC0|A0A0J9YJC0_DANRE,906,5,165,1
9,tr|A0A2R8QBP6|A0A2R8QBP6_DANRE,1467,25,166,39
10,sp|A5WVX1|EFNMT_DANRE,66,0,9,1
11,tr|A0A2R8RZD6|A0A2R8RZD6_DANRE,1422,2,286,0
12,tr|F1R617|F1R617_DANRE,2283,1,665,0
13,sp|Q6NUW9|FGGY_DANRE,470,0,84,1
14,tr|A0A2R8QIE6|A0A2R8QIE6_DANRE,3352,1,357,0
15,tr|F8W5C3|F8W5C3_DANRE,1474,1,295,2
16,tr|Q66HX9|Q66HX9_DANRE,814,5,142,3
17,tr|A0A0R4ILH1|A0A0R4ILH1_DANRE,1144,1,221,0
18,tr|A0A2R8Q3Q4|A0A2R8Q3Q4_DANRE,1546,1,235,6
19,tr|A0A0R4IUL0|A0A0R4IUL0_DANRE,1264,0,197,1
20,tr|A0A2R8QU31|A0A2R8QU31_DANRE,3047,2,366,2
21,tr|A0A0R4INK4|A0A0R4INK4_DANRE,380,1,70,2
22,tr|F8W2N9|F8W2N9_DANRE,3469,0,491,1
23,tr|A0A2R8RVB0|A0A2R8RVB0_DANRE,444,1,81,0
24,tr|E9QIB1|E9QIB1_DANRE,1939,1,393,2
25,tr|Q5TZA5|Q5TZA5_DANRE,3732,1,744,0
26,tr|A0A0R4IN87|A0A0R4IN87_DANRE,1164,3,230,1
27,tr|B8JIW0|B8JIW0_DANRE,1467,29,166,44
28,tr|A0A2R8QMQ9|A0A2R8QMQ9_DANRE,1187,1,237,2
29,tr|A0A286YB73|A0A286YB73_DANRE,4308,2,797,2
30,tr|Q1L887|Q1L887_DANRE,3538,0,701,1
31,tr|E9QEB6|E9QEB6_DANRE,2647,0,765,3
32,tr|A2CEP5|A2CEP5_DANRE,1187,6,237,8
33,tr|Q1LWQ2|Q1LWQ2_DANRE,1799,0,369,2
34,tr|A0A2R8PYV5|A0A2R8PYV5_DANRE,4228,3,299,2
35,tr|A0A2R8QI69|A0A2R8QI69_DANRE,3005,1,356,0
36,tr|E7F8A0|E7F8A0_DANRE,2517,0,298,7
37,tr|F1QM44|F1QM44_DANRE,3002,0,27,1
38,tr|E7F8A3|E7F8A3_DANRE,1304,0,267,1
39,tr|A0A286Y9T4|A0A286Y9T4_DANRE,1405,1,794,2
40,tr|A0A0R4IAU6|A0A0R4IAU6_DANRE,944,0,175,3
41,tr|A0A0R4IAQ1|A0A0R4IAQ1_DANRE,443,0,80,1
42,tr|R4GEH4|R4GEH4_DANRE,3818,4,563,4
43,tr|A0A2R8QCM1|A0A2R8QCM1_DANRE,1580,5,235,5
44,tr|A0A2R8QNS9|A0A2R8QNS9_DANRE,398,0,73,2
45,tr|Q6IQ66|Q6IQ66_DANRE,1004,3,186,2
46,tr|A0A2R8Q6F6|A0A2R8Q6F6_DANRE,1584,3,321,2
47,tr|Q6P007|Q6P007_DANRE,1695,2,340,0
48,tr|E9QIC6|E9QIC6_DANRE,513,0,91,3
49,tr|B8JI27|B8JI27_DANRE,1943,1,475,0
50,tr|F1RCK9|F1RCK9_DANRE,1297,1,264,0
51,tr|E9QC00|E9QC00_DANRE,2657,3,550,0
52,tr|F1QB75|F1QB75_DANRE,2823,0,794,1
53,tr|B3DKC6|B3DKC6_DANRE,2277,1,460,0
54,tr|E9QIP1|E9QIP1_DANRE,1717,3,345,0
55,sp|Q90YM8|CYFP1_DANRE,794,1,137,0
56,tr|A2AR64|A2AR64_DANRE,1945,0,394,1
57,tr|E7EZ94|E7EZ94_DANRE,2422,0,495,1
58,tr|X1WG91|X1WG91_DANRE,4309,0,363,3
59,tr|E9QEE8|E9QEE8_DANRE,3988,1,560,0
60,tr|F1QJK4|F1QJK4_DANRE,1736,0,598,1
61,tr|A0A2R8QKY9|A0A2R8QKY9_DANRE,1618,3,362,1
62,tr|G1K2S6|G1K2S6_DANRE,35,1,705,0
63,tr|A0A0R4IJ00|A0A0R4IJ00_DANRE,677,5,115,2
64,tr|B3DGV3|B3DGV3_DANRE,150,3,337,0
65,tr|Q32LR4|Q32LR4_DANRE,3602,1,723,0
66,tr|A0A2R8QIC4|A0A2R8QIC4_DANRE,1326,2,274,0
67,tr|B3DKC0|B3DKC0_DANRE,2276,0,459,1
68,tr|E7F6R0|E7F6R0_DANRE,2499,1,520,0
69,tr|A0A2R8Q8N9|A0A2R8Q8N9_DANRE,2031,2,326,0
70,tr|X1WHC2|X1WHC2_DANRE,3224,1,657,0
71,tr|I3ITH2|I3ITH2_DANRE,2326,3,469,2
72,tr|A0A2R8QLZ7|A0A2R8QLZ7_DANRE,1467,31,166,51
73,tr|X1WGS4|X1WGS4_DANRE,2595,2,545,0
74,tr|A0A2R8QFX6|A0A2R8QFX6_DANRE,1467,10,166,18
75,sp|Q68EH8|FAD1_DANRE,380,0,70,1
76,tr|Q08BE3|Q08BE3_DANRE,1088,2,206,1
77,tr|A0A2R8Q3U1|A0A2R8Q3U1_DANRE,1547,1,311,0
78,sp|Q6DRI4|RPAC2_DANRE,444,0,81,2
79,tr|A0A0R4IDG3|A0A0R4IDG3_DANRE,1004,2,186,1
80,tr|F1Q636|F1Q636_DANRE,2721,1,576,0
81,tr|Q803W0|Q803W0_DANRE,1951,2,693,0
82,tr|Z4YI11|Z4YI11_DANRE,481,1,88,0
83,tr|Q1LVL3|Q1LVL3_DANRE,1866,3,285,3
84,tr|F1QEN2|F1QEN2_DANRE,2881,0,466,1
85,tr|E9QHX7|E9QHX7_DANRE,513,4,91,4
86,tr|A0A2R8QQ28|A0A2R8QQ28_DANRE,1844,4,376,4
87,tr|F1QUN8|F1QUN8_DANRE,722,7,638,4
88,tr|A9UL54|A9UL54_DANRE,2604,1,301,0
89,tr|A0A0R4IBX6|A0A0R4IBX6_DANRE,3499,4,607,2
90,tr|A0A140LGY8|A0A140LGY8_DANRE,1345,0,525,1
91,tr|F1QMB4|F1QMB4_DANRE,3005,0,356,1
92,tr|B8JLB0|B8JLB0_DANRE,2369,1,482,2
93,tr|A2BIR3|A2BIR3_DANRE,1731,3,403,0
94,tr|A0A2R8QJ98|A0A2R8QJ98_DANRE,3220,2,234,1
95,tr|B8A4E7|B8A4E7_DANRE,2302,0,463,1
96,tr|A0A0R4IQ61|A0A0R4IQ61_DANRE,86,0,224,1
97,tr|F1Q9B7|F1Q9B7_DANRE,1433,3,288,0
98,tr|A0A2R8QJ46|A0A2R8QJ46_DANRE,1187,0,237,1
99,tr|A0A0R4IBP6|A0A0R4IBP6_DANRE,906,9,165,6
100,tr|F1QYL0|F1QYL0_DANRE,1467,44,166,19
101,tr|A0A0R4IZ61|A0A0R4IZ61_DANRE,3931,1,273,0
102,tr|A0A286Y8Y1|A0A286Y8Y1_DANRE,1390,1,149,25
103,tr|E9QH23|E9QH23_DANRE,2655,4,558,5
104,tr|Q6ZM53|Q6ZM53_DANRE,1699,3,341,3
105,tr|E9QEI3|E9QEI3_DANRE,3818,5,563,5
106,tr|F1QX99|F1QX99_DANRE,1467,1,166,57
107,tr|F1R9U9|F1R9U9_DANRE,3615,1,677,0
108,tr|A0A2R8Q9C8|A0A2R8Q9C8_DANRE,1467,33,166,55
109,tr|B3DI16|B3DI16_DANRE,1841,5,741,4
110,tr|A0A2R8QJP0|A0A2R8QJP0_DANRE,1390,7,149,14
111,tr|F1R704|F1R704_DANRE,2535,0,527,2
112,tr|F1R5C5|F1R5C5_DANRE,767,1,130,0
113,tr|F6P208|F6P208_DANRE,3455,1,698,3
114,tr|B8A617|B8A617_DANRE,1467,2,166,58
115,tr|F8W573|F8W573_DANRE,1841,0,741,1
116,tr|A0A2R8RYR9|A0A2R8RYR9_DANRE,1433,1,288,2
117,tr|Q6NYK7|Q6NYK7_DANRE,1463,0,293,1
118,tr|F8W4V1|F8W4V1_DANRE,2795,0,588,1
119,tr|A0A2R8Q2M3|A0A2R8Q2M3_DANRE,1232,0,189,4
120,tr|F1QC87|F1QC87_DANRE,2617,1,549,2
121,tr|E7FFE0|E7FFE0_DANRE,966,0,177,1
122,tr|F1R4U9|F1R4U9_DANRE,1792,0,63,1
123,tr|E9QFZ3|E9QFZ3_DANRE,2655,7,558,8
124,tr|F1QFN1|F1QFN1_DANRE,2899,0,147,1
125,tr|A0A0R4IJC7|A0A0R4IJC7_DANRE,1089,0,209,1
126,tr|A0A2R8QCB9|A0A2R8QCB9_DANRE,1179,1,336,0
127,tr|E9QDT3|E9QDT3_DANRE,2655,9,558,0
128,tr|A0A0G2L406|A0A0G2L406_DANRE,1390,16,149,26
129,tr|A0A2R8Q2V5|A0A2R8Q2V5_DANRE,902,3,163,2
130,tr|A5PLB0|A5PLB0_DANRE,1726,1,350,0
131,tr|A0A2R8RVJ0|A0A2R8RVJ0_DANRE,1584,1,321,0
132,tr|A0A2R8RHQ9|A0A2R8RHQ9_DANRE,1841,7,741,6
133,tr|A0A0R4INW5|A0A0R4INW5_DANRE,1580,4,235,0
134,tr|E9QC42|E9QC42_DANRE,2622,0,551,2
135,tr|A0A2R8QKR3|A0A2R8QKR3_DANRE,3125,2,333,2
136,tr|F1R1C1|F1R1C1_DANRE,1384,2,24,1
137,tr|A0A0R4IXR0|A0A0R4IXR0_DANRE,1304,1,267,3
138,tr|A0A0G2L9Z3|A0A0G2L9Z3_DANRE,1390,12,149,21
139,tr|E9QDE9|E9QDE9_DANRE,2633,2,556,0
140,tr|Q5RG05|Q5RG05_DANRE,902,0,163,4
141,tr|E9QE32|E9QE32_DANRE,1405,0,794,3
142,tr|A0A2R8RNU3|A0A2R8RNU3_DANRE,1467,23,166,37
143,tr|X1WCP8|X1WCP8_DANRE,3455,0,698,2
144,tr|A0A2R8S0F8|A0A2R8S0F8_DANRE,1546,0,235,4
145,tr|E7F4N5|E7F4N5_DANRE,1612,1,515,0
146,sp|Q7ZTY7|USE1_DANRE,683,0,118,1
147,tr|F1R2T3|F1R2T3_DANRE,1844,3,376,2
148,tr|B8A5A8|B8A5A8_DANRE,1467,8,166,16
149,tr|B0S653|B0S653_DANRE,4045,1,439,0
150,tr|F1QUS9|F1QUS9_DANRE,3121,0,639,1
151,tr|A0A2R8RWR2|A0A2R8RWR2_DANRE,1899,0,678,1
152,tr|A0A0R4IQI9|A0A0R4IQI9_DANRE,932,1,171,0
153,sp|O42182|FBLN1_DANRE,1108,1,23,0
154,tr|Q9I8V1|Q9I8V1_DANRE,722,3,638,0
155,tr|Q8AY15|Q8AY15_DANRE,814,0,142,4
156,tr|F1R7W8|F1R7W8_DANRE,3323,0,751,1
157,tr|F1R6L2|F1R6L2_DANRE,1652,2,667,0
158,tr|Q7ZUT6|Q7ZUT6_DANRE,3746,1,782,0
159,tr|A0A0R4IBP1|A0A0R4IBP1_DANRE,966,1,177,2
160,tr|F1QY07|F1QY07_DANRE,2499,0,520,1
161,tr|E9QHM1|E9QHM1_DANRE,2655,5,558,6
162,tr|A0A0R4IBM5|A0A0R4IBM5_DANRE,3624,1,176,0
163,sp|Q803N9|BZW1B_DANRE,574,2,129,1
164,tr|E9QES5|E9QES5_DANRE,675,1,113,0
165,tr|A0A0R4IZ89|A0A0R4IZ89_DANRE,1326,1,274,2
166,tr|E7FGL4|E7FGL4_DANRE,1480,3,297,3
167,tr|E9QCI1|E9QCI1_DANRE,1629,1,342,0
168,tr|F1QSL6|F1QSL6_DANRE,1618,2,362,0
169,tr|I3ISS5|I3ISS5_DANRE,3121,1,639,0
170,tr|E9QET4|E9QET4_DANRE,1351,3,308,0
171,tr|F1QE65|F1QE65_DANRE,794,0,137,1
172,tr|F6P055|F6P055_DANRE,1795,2,359,1
173,tr|B3DJV8|B3DJV8_DANRE,1482,1,457,0
174,tr|E7F5A4|E7F5A4_DANRE,2487,2,276,3
175,tr|E9QDX8|E9QDX8_DANRE,4024,1,559,0
176,tr|F1R5X0|F1R5X0_DANRE,2031,0,326,1
177,tr|A0A0N4SU63|A0A0N4SU63_DANRE,2058,3,168,1
178,tr|A0A140LGZ1|A0A140LGZ1_DANRE,1346,0,276,8
179,tr|A0A0R4IW87|A0A0R4IW87_DANRE,1004,0,186,3
180,tr|A0A2R8Q4B1|A0A2R8Q4B1_DANRE,1028,1,312,0
181,tr|B8A629|B8A629_DANRE,1467,18,166,33
182,tr|A0A2R8QTU4|A0A2R8QTU4_DANRE,1832,4,389,4
183,tr|B8A5L1|B8A5L1_DANRE,1028,2,312,1
184,tr|A0A0N4SU92|A0A0N4SU92_DANRE,1467,27,166,41
185,tr|A0A2R8RZH6|A0A2R8RZH6_DANRE,1467,39,166,9
186,tr|H9GX78|H9GX78_DANRE,3501,0,706,1
187,tr|A0A0R4IBY0|A0A0R4IBY0_DANRE,971,3,181,2
188,tr|Q7ZW39|Q7ZW39_DANRE,1283,2,260,4
189,tr|E9QII3|E9QII3_DANRE,1726,0,350,3
190,tr|A0A2R8RKP9|A0A2R8RKP9_DANRE,1097,1,215,0
191,tr|A0A2R8QAE5|A0A2R8QAE5_DANRE,2517,5,298,5
192,tr|A0A2R8PWZ8|A0A2R8PWZ8_DANRE,1991,4,294,3
193,tr|E9QIS5|E9QIS5_DANRE,2980,1,568,0
194,tr|E7FA74|E7FA74_DANRE,1345,1,525,0
195,tr|X1WGH8|X1WGH8_DANRE,2657,1,550,2
196,tr|F1QGL1|F1QGL1_DANRE,2917,1,606,0
197,tr|A0A2R8Q9A5|A0A2R8Q9A5_DANRE,1480,2,297,2
198,tr|F8W342|F8W342_DANRE,1467,11,166,24
199,tr|F1R182|F1R182_DANRE,3224,0,657,1
200,tr|F2Z4S7|F2Z4S7_DANRE,3425,0,690,1
201,tr|F6NIX9|F6NIX9_DANRE,1050,1,691,0
202,tr|A2AR65|A2AR65_DANRE,1945,1,394,2
203,tr|Q6NYU4|Q6NYU4_DANRE,1880,2,488,0
204,tr|A0A2R8QL76|A0A2R8QL76_DANRE,4309,2,363,1
205,tr|A0A2R8QD88|A0A2R8QD88_DANRE,1164,1,230,0
206,tr|F1QGG3|F1QGG3_DANRE,2914,0,199,1
207,tr|A0A2R8Q6K2|A0A2R8Q6K2_DANRE,1586,0,442,2
208,tr|X1WFH0|X1WFH0_DANRE,2657,0,550,1
209,tr|A0A2R8RLB3|A0A2R8RLB3_DANRE,1779,2,380,1
210,tr|F1Q5S4|F1Q5S4_DANRE,1390,10,149,18
211,tr|E9QES9|E9QES9_DANRE,2649,1,604,3
212,tr|F1QQ92|F1QQ92_DANRE,2917,0,606,1
213,tr|E9QIT4|E9QIT4_DANRE,1467,40,166,13
214,tr|A0A2R8Q3H6|A0A2R8Q3H6_DANRE,809,2,141,0
215,tr|Q1LUU7|Q1LUU7_DANRE,1225,1,715,0
216,tr|Q5RKN6|Q5RKN6_DANRE,4007,2,564,2
217,tr|F1R7X4|F1R7X4_DANRE,907,2,167,0
218,tr|E7FF11|E7FF11_DANRE,1453,5,300,1
219,sp|P0C218|DDX20_DANRE,1384,1,24,0
220,tr|A0A2R8RUC1|A0A2R8RUC1_DANRE,1726,2,350,1
221,tr|E9QIZ6|E9QIZ6_DANRE,2622,2,551,1
222,sp|Q6P7Y3|PR38B_DANRE,547,1,95,2
223,tr|F1QC64|F1QC64_DANRE,1736,2,598,0
224,tr|B7ZVK0|B7ZVK0_DANRE,1779,1,380,0
225,tr|A0A140LH24|A0A140LH24_DANRE,1346,6,276,14
226,tr|A0A0R4IMM7|A0A0R4IMM7_DANRE,1150,0,254,1
227,tr|A0A2R8Q4L1|A0A2R8Q4L1_DANRE,1422,3,286,2
228,sp|A0JMF7|HAUS6_DANRE,8,2,2,1
229,sp|Q803V5|LST8_DANRE,769,1,131,0
230,tr|B8A541|B8A541_DANRE,2311,0,777,1
231,tr|F1QQ40|F1QQ40_DANRE,808,3,141,6
232,tr|B0UY57|B0UY57_DANRE,2219,0,446,1
233,tr|F8W621|F8W621_DANRE,2363,2,479,2
234,tr|A0A2R8QEL5|A0A2R8QEL5_DANRE,4228,4,299,4
235,tr|A0A0R4IBW8|A0A0R4IBW8_DANRE,677,1,115,7
236,tr|F1Q7S8|F1Q7S8_DANRE,41,3,709,4
237,tr|F1RA38|F1RA38_DANRE,2721,0,576,1
238,sp|O13168|TLE3B_DANRE,150,1,337,6
239,tr|A0A0R4IKF9|A0A0R4IKF9_DANRE,1106,0,219,1
240,tr|F1R5G0|F1R5G0_DANRE,235,0,50,2
241,sp|Q6P116|RCOR2_DANRE,530,0,92,3
242,tr|A0A0R4IHA8|A0A0R4IHA8_DANRE,1050,0,691,1
243,tr|F1QYE3|F1QYE3_DANRE,1899,2,678,2
244,tr|A0A2R8QB57|A0A2R8QB57_DANRE,1991,2,294,1
245,tr|E7FAU1|E7FAU1_DANRE,1346,4,276,10
246,tr|A0A2R8Q6L9|A0A2R8Q6L9_DANRE,3432,1,316,0
247,tr|B7ZCI7|B7ZCI7_DANRE,1547,0,311,4
248,tr|A0A2R8Q0C3|A0A2R8Q0C3_DANRE,1187,5,237,5
249,tr|Q6NYD8|Q6NYD8_DANRE,2647,2,765,1
250,tr|Q1LVG3|Q1LVG3_DANRE,683,2,118,0
251,tr|A0A2R8QME4|A0A2R8QME4_DANRE,3047,1,366,0
252,tr|B0R0M9|B0R0M9_DANRE,993,0,184,2
253,tr|F1QAA0|F1QAA0_DANRE,2811,0,590,1
254,tr|A0A0R4IPQ0|A0A0R4IPQ0_DANRE,1187,2,237,3
255,tr|A0A2R8Q7J4|A0A2R8Q7J4_DANRE,2517,2,298,2
256,tr|F1RAA2|F1RAA2_DANRE,808,2,141,5
257,tr|F1RE04|F1RE04_DANRE,3412,1,689,0
258,tr|F1R484|F1R484_DANRE,1943,2,475,1
259,tr|F8W2H7|F8W2H7_DANRE,1467,3,166,10
260,tr|E7FC79|E7FC79_DANRE,2554,0,322,1
261,tr|F2Z4S3|F2Z4S3_DANRE,3425,1,690,0
262,tr|A0A0G2L1F5|A0A0G2L1F5_DANRE,884,0,157,1
263,tr|A0A2R8QMW2|A0A2R8QMW2_DANRE,643,1,106,0
264,tr|F1R314|F1R314_DANRE,3257,0,276,19
265,tr|B8JKP3|B8JKP3_DANRE,2363,1,479,0
266,tr|A0A0H2UJM6|A0A0H2UJM6_DANRE,1390,4,149,8
267,tr|A0A2R8QDC7|A0A2R8QDC7_DANRE,3501,2,706,2
268,sp|Q9DGE1|MK14B_DANRE,808,1,141,4
269,tr|Q5RKP9|Q5RKP9_DANRE,1841,2,741,0
270,tr|Q5PNM4|Q5PNM4_DANRE,1976,1,737,0
271,tr|B8A5A7|B8A5A7_DANRE,1467,21,166,35
272,tr|F1QTW0|F1QTW0_DANRE,1390,0,149,24
273,tr|A0A0N4SU77|A0A0N4SU77_DANRE,906,0,165,2
274,tr|H9KUW5|H9KUW5_DANRE,167,1,28,0
275,tr|A0A2R8QIV6|A0A2R8QIV6_DANRE,1347,2,278,2
276,tr|E7FGH4|E7FGH4_DANRE,2604,0,301,2
277,sp|Q6NWE1|PHF10_DANRE,481,2,88,1
278,tr|F1RA77|F1RA77_DANRE,3352,0,357,1
279,tr|Q5P991|Q5P991_DANRE,3682,1,736,0
280,sp|Q7T3D1|ERO1A_DANRE,675,0,113,4
281,tr|Q7SX94|Q7SX94_DANRE,4065,0,372,1
282,tr|F1QWL7|F1QWL7_DANRE,1390,2,149,0
283,tr|B8A588|B8A588_DANRE,2316,0,468,1
284,tr|F1Q918|F1Q918_DANRE,1467,55,166,48
285,tr|B8JLL0|B8JLL0_DANRE,2373,1,483,0
286,tr|F6NHV5|F6NHV5_DANRE,1088,5,206,4
287,tr|X1WE68|X1WE68_DANRE,1372,1,799,0
288,tr|Q6PC36|Q6PC36_DANRE,4004,0,708,1
289,tr|A4IFZ8|A4IFZ8_DANRE,1850,2,412,0
290,tr|A2CER9|A2CER9_DANRE,1097,0,215,2
291,tr|Q5RHV1|Q5RHV1_DANRE,3704,0,364,1
292,tr|Q7T343|Q7T343_DANRE,4045,2,439,1
293,tr|F1R8A8|F1R8A8_DANRE,3185,1,646,0
294,tr|Q802U5|Q802U5_DANRE,1187,4,237,7
295,tr|A0A140LGA3|A0A140LGA3_DANRE,268,0,55,1
296,tr|B0R0W1|B0R0W1_DANRE,2173,0,164,1
297,tr|E7F7P9|E7F7P9_DANRE,398,4,73,3
298,tr|F1QTM8|F1QTM8_DANRE,1547,2,311,1
299,tr|A0A0R4IMG3|A0A0R4IMG3_DANRE,86,2,224,0
300,sp|Q568L5|A1A1B_DANRE,3269,4,373,1
301,tr|A0A2R8QH30|A0A2R8QH30_DANRE,1717,4,345,1
302,tr|E9QI23|E9QI23_DANRE,2681,0,570,1
303,sp|Q6PHI9|RAB4A_DANRE,382,1,101,0
304,tr|A0A2R8PWX7|A0A2R8PWX7_DANRE,1467,0,166,56
305,tr|A0A2U3TW31|A0A2U3TW31_DANRE,700,1,119,2
306,tr|F1R3X6|F1R3X6_DANRE,1580,3,235,9
307,tr|A3KQE8|A3KQE8_DANRE,1283,4,260,3
308,tr|A0A2R8QKB0|A0A2R8QKB0_DANRE,1580,6,235,8
309,tr|A0A2R8QTH3|A0A2R8QTH3_DANRE,3269,1,373,0
310,tr|Q5SPA4|Q5SPA4_DANRE,3713,0,742,1
311,tr|A0A2R8RTD5|A0A2R8RTD5_DANRE,1467,22,166,36
312,tr|E9QDZ5|E9QDZ5_DANRE,3269,6,373,5
313,tr|A0A0R4IBR3|A0A0R4IBR3_DANRE,3719,3,178,0
314,tr|F6PBZ5|F6PBZ5_DANRE,1063,3,201,3
315,tr|A0A0A0MPV1|A0A0A0MPV1_DANRE,2899,1,147,0
316,tr|Q6P2U7|Q6P2U7_DANRE,3951,0,315,1
317,tr|E9QFX3|E9QFX3_DANRE,3818,1,563,0
318,tr|B8JIV9|B8JIV9_DANRE,1467,30,166,49
319,tr|A0A0N4SU11|A0A0N4SU11_DANRE,906,7,165,9
320,tr|E7F6I0|E7F6I0_DANRE,1433,0,288,1
321,tr|A2BIQ7|A2BIQ7_DANRE,1982,2,402,0
322,tr|F1R118|F1R118_DANRE,3220,0,234,2
323,tr|E9QGW9|E9QGW9_DANRE,3269,3,373,3
324,tr|A0A2R8QP30|A0A2R8QP30_DANRE,769,2,131,1
325,tr|A0A286Y917|A0A286Y917_DANRE,1392,1,281,2
326,tr|E9QFQ7|E9QFQ7_DANRE,1939,0,393,1
327,sp|Q6DRI1|EI3EA_DANRE,443,1,80,0
328,tr|F1QB60|F1QB60_DANRE,1397,1,595,0
329,tr|F1R356|F1R356_DANRE,2307,2,642,1
330,tr|A0A0R4ITV5|A0A0R4ITV5_DANRE,1150,1,254,0
331,tr|E9QFD8|E9QFD8_DANRE,1786,2,367,1
332,tr|E9QJ16|E9QJ16_DANRE,1467,13,166,27
333,tr|A3KQ85|A3KQ85_DANRE,2015,0,108,2
334,tr|E7FGL2|E7FGL2_DANRE,2558,3,327,0
335,tr|A0A286Y8P8|A0A286Y8P8_DANRE,1384,0,24,3
336,tr|A0A0R4IBG8|A0A0R4IBG8_DANRE,805,1,139,4
337,tr|E9QHA6|E9QHA6_DANRE,2655,1,558,2
338,tr|Q6P5K5|Q6P5K5_DANRE,3965,0,569,1
339,tr|F6NGH0|F6NGH0_DANRE,2733,1,579,0
340,tr|A0A0R4ICB9|A0A0R4ICB9_DANRE,268,1,55,2
341,tr|Q503R8|Q503R8_DANRE,1390,8,149,15
342,tr|E7FGV8|E7FGV8_DANRE,173,1,31,0
343,tr|A0A140LGS5|A0A140LGS5_DANRE,884,1,157,0
344,tr|E9QBE4|E9QBE4_DANRE,2617,0,549,1
345,tr|A0A0R4ILM6|A0A0R4ILM6_DANRE,1009,1,190,0
346,tr|A0A140LH11|A0A140LH11_DANRE,1346,2,276,7
347,sp|B2ZFP3|SMAL1_DANRE,96,0,14,1
348,tr|I3ISN6|I3ISN6_DANRE,1297,0,264,3
349,tr|B8A6I1|B8A6I1_DANRE,2338,1,473,0
350,tr|A4QNU1|A4QNU1_DANRE,2037,1,413,2
351,tr|F1QBE4|F1QBE4_DANRE,761,0,65,2
352,tr|E7F7R3|E7F7R3_DANRE,700,0,119,1
353,tr|A0A286YAH8|A0A286YAH8_DANRE,1866,2,285,2
354,tr|E9QHS9|E9QHS9_DANRE,3965,1,569,0
355,tr|F1R9N6|F1R9N6_DANRE,2487,4,276,5
356,tr|Q6NYJ1|Q6NYJ1_DANRE,3905,0,637,1
357,tr|A0A0R4IPN3|A0A0R4IPN3_DANRE,769,3,131,2
358,tr|F1QUU3|F1QUU3_DANRE,3122,0,640,1
359,tr|F1Q6K1|F1Q6K1_DANRE,2733,0,579,1
360,tr|A0A0R4IL11|A0A0R4IL11_DANRE,3499,8,607,5
361,tr|Q58EC2|Q58EC2_DANRE,2948,0,613,1
362,tr|F1QM53|F1QM53_DANRE,1699,0,341,1
363,tr|Q6IQR3|Q6IQR3_DANRE,722,5,638,2
364,tr|X1WGP2|X1WGP2_DANRE,907,3,167,1
365,tr|F1Q5Q3|F1Q5Q3_DANRE,4216,1,575,0
366,tr|A0A2R8QLV3|A0A2R8QLV3_DANRE,3704,2,364,0
367,tr|F6NQT3|F6NQT3_DANRE,150,4,337,1
368,tr|Q7ZVG7|Q7ZVG7_DANRE,4179,0,211,1
369,tr|F8W5G2|F8W5G2_DANRE,3006,2,704,2
370,tr|Q1L8Z0|Q1L8Z0_DANRE,1832,1,389,2
371,tr|A0A2R8QIT8|A0A2R8QIT8_DANRE,1736,1,598,2
372,tr|A0A2R8QG13|A0A2R8QG13_DANRE,1991,1,294,0
373,tr|F6NVB9|F6NVB9_DANRE,1951,3,693,1
374,tr|Q803N5|Q803N5_DANRE,4228,0,299,1
375,tr|A0A0R4IBA7|A0A0R4IBA7_DANRE,677,3,115,9
376,sp|Q9DGE2|MK14A_DANRE,809,1,141,2
377,tr|Q6NYX2|Q6NYX2_DANRE,4228,2,299,0
378,tr|A0A0J9YJE8|A0A0J9YJE8_DANRE,903,0,170,1
379,tr|E9QJH5|E9QJH5_DANRE,1467,4,166,11
380,tr|F1QC22|F1QC22_DANRE,1390,17,149,28
381,tr|A2CF31|A2CF31_DANRE,1991,0,294,4
382,tr|F1QQ43|F1QQ43_DANRE,3047,0,366,1
383,tr|A0A286Y877|A0A286Y877_DANRE,1372,0,799,1
384,tr|A0A2R8QHP5|A0A2R8QHP5_DANRE,1726,3,350,2
385,tr|A0A2R8QEY3|A0A2R8QEY3_DANRE,805,2,139,0
386,tr|F1QTV5|F1QTV5_DANRE,2219,1,446,0
387,tr|A8HAI7|A8HAI7_DANRE,1402,3,423,0
388,tr|Q6PC73|Q6PC73_DANRE,4007,0,564,1
389,tr|A0A0R4IGS4|A0A0R4IGS4_DANRE,2914,1,199,0
390,tr|A0A2R8Q5X9|A0A2R8Q5X9_DANRE,3466,1,320,0
391,tr|A0A2R8QTG0|A0A2R8QTG0_DANRE,4065,1,372,0
392,tr|B8A516|B8A516_DANRE,2309,0,504,2
393,tr|F2Z4X1|F2Z4X1_DANRE,2497,1,519,0
394,tr|B0S5J9|B0S5J9_DANRE,3798,1,437,0
395,tr|E7FAY1|E7FAY1_DANRE,1390,13,149,22
396,tr|U3JAS5|U3JAS5_DANRE,3732,0,744,1
397,tr|A5PF46|A5PF46_DANRE,3669,1,415,0
398,tr|Q7ZUZ7|Q7ZUZ7_DANRE,2647,1,765,0
399,tr|A5PMI3|A5PMI3_DANRE,2055,1,416,0
400,tr|A0A2R8PWG5|A0A2R8PWG5_DANRE,1463,1,293,0
401,tr|E7F6E1|E7F6E1_DANRE,2497,0,519,1
402,tr|B8A518|B8A518_DANRE,3887,6,504,5
403,tr|A0A2R8QSC6|A0A2R8QSC6_DANRE,847,0,151,1
404,tr|A0A2R8Q4R7|A0A2R8Q4R7_DANRE,1557,0,781,1
405,tr|F1QHE7|F1QHE7_DANRE,2930,0,608,1
406,tr|A0A2R8QG65|A0A2R8QG65_DANRE,1707,0,259,1
407,tr|A0A0N4STW3|A0A0N4STW3_DANRE,2058,1,168,2
408,tr|E7EXK9|E7EXK9_DANRE,2400,0,487,1
409,tr|A0A2R8PVN0|A0A2R8PVN0_DANRE,2456,1,291,0
410,sp|Q7ZW38|SPS1_DANRE,739,0,123,1
411,tr|B8A5D8|B8A5D8_DANRE,2319,0,305,2
412,tr|A4FVI7|A4FVI7_DANRE,2029,1,411,0
413,tr|A0A2R8Q487|A0A2R8Q487_DANRE,1085,3,64,1
414,tr|E9QIE4|E9QIE4_DANRE,2655,0,558,1
415,tr|F1QIC0|F1QIC0_DANRE,2948,1,613,0
416,tr|A0A2R8Q9H4|A0A2R8Q9H4_DANRE,1828,2,328,0
417,tr|A0A0R4IZ99|A0A0R4IZ99_DANRE,268,3,55,4
418,tr|A2CEP3|A2CEP3_DANRE,1187,7,237,0
419,tr|A0A2R8Q4U1|A0A2R8Q4U1_DANRE,1561,0,313,1
420,tr|F1QPR2|F1QPR2_DANRE,943,1,174,2
421,tr|Q499A2|Q499A2_DANRE,3615,0,677,1
422,tr|A0A2R8QAZ1|A0A2R8QAZ1_DANRE,1390,5,149,9
423,tr|A0A2R8QU48|A0A2R8QU48_DANRE,1834,1,785,2
424,tr|Q499B0|Q499B0_DANRE,944,1,175,4
425,tr|Q4VBV1|Q4VBV1_DANRE,3504,1,729,0
426,tr|A0A0R4IW23|A0A0R4IW23_DANRE,1283,1,260,0
427,tr|A8WG87|A8WG87_DANRE,1792,4,63,0
428,tr|A0A0R4IJT8|A0A0R4IJT8_DANRE,4135,1,214,0
429,tr|Q6P0T3|Q6P0T3_DANRE,924,4,769,0
430,tr|E7EY65|E7EY65_DANRE,1880,3,488,1
431,tr|A0A2R8QEZ7|A0A2R8QEZ7_DANRE,1695,3,340,1
432,tr|F8W3X0|F8W3X0_DANRE,2930,1,608,0
433,tr|Q4V943|Q4V943_DANRE,4163,1,724,0
434,tr|A0A2R8Q631|A0A2R8Q631_DANRE,1580,2,235,3
435,tr|H0WFE9|H0WFE9_DANRE,902,1,163,0
436,tr|Q7ZTI1|Q7ZTI1_DANRE,2055,0,416,1
437,tr|E9QG13|E9QG13_DANRE,3269,2,373,2
438,tr|E7F7G0|E7F7G0_DANRE,211,0,46,3
439,tr|E9QEG6|E9QEG6_DANRE,2649,0,604,2
440,tr|A0A2R8Q534|A0A2R8Q534_DANRE,3951,1,315,0
441,tr|Q7ZU96|Q7ZU96_DANRE,4135,0,214,1
442,tr|Q4V8W8|Q4V8W8_DANRE,3624,0,176,1
443,tr|Q7SXE2|Q7SXE2_DANRE,2029,0,411,1
444,tr|A0A2R8QN70|A0A2R8QN70_DANRE,4309,1,363,0
445,tr|Q1MTC6|Q1MTC6_DANRE,1844,0,376,3
446,tr|Q08CA5|Q08CA5_DANRE,1283,3,260,1
447,tr|X1WBM9|X1WBM9_DANRE,1652,1,667,1
448,tr|F8W3I0|F8W3I0_DANRE,470,1,84,0
449,tr|F6P528|F6P528_DANRE,3461,0,699,1
450,tr|Q6DGB2|Q6DGB2_DANRE,3798,0,437,1
451,tr|A0A2R8RHH0|A0A2R8RHH0_DANRE,211,1,46,0
452,tr|R4GEY3|R4GEY3_DANRE,2487,0,276,1
453,sp|O13166|TLE3A_DANRE,150,2,337,5
454,tr|A0A2R8QDQ1|A0A2R8QDQ1_DANRE,150,0,337,4
455,tr|A0A2R8RIE2|A0A2R8RIE2_DANRE,1467,57,166,50
456,tr|A0A0R4IAU3|A0A0R4IAU3_DANRE,943,0,174,1
457,tr|E9QIQ3|E9QIQ3_DANRE,1828,0,328,1
458,tr|A0A2R8PZM9|A0A2R8PZM9_DANRE,2604,2,301,1
459,tr|A0A2R8PZU6|A0A2R8PZU6_DANRE,1503,0,303,1
460,tr|Q567G5|Q567G5_DANRE,1848,1,732,0
461,tr|A0A2R8RIG4|A0A2R8RIG4_DANRE,1795,0,359,3
462,tr|F1QAK1|F1QAK1_DANRE,1297,3,264,2
463,sp|Q4QRK0|MAP11_DANRE,235,1,50,0
464,tr|Q5SPA3|Q5SPA3_DANRE,3713,1,742,0
465,tr|A0A0N4SU27|A0A0N4SU27_DANRE,906,2,165,4
466,sp|Q6TH15|EIF3D_DANRE,607,0,102,1
467,sp|Q7ZUV2|KTNB1_DANRE,700,2,119,3
468,tr|X1WC78|X1WC78_DANRE,1436,1,795,0
469,tr|Q58E00|Q58E00_DANRE,3669,0,415,1
470,tr|A0A2R8QQF4|A0A2R8QQF4_DANRE,2517,6,298,6
471,tr|A0A286Y9R5|A0A286Y9R5_DANRE,1403,1,283,0
472,tr|A9CLW5|A9CLW5_DANRE,2015,1,108,0
473,tr|E9QDJ1|E9QDJ1_DANRE,2635,0,557,1
474,tr|A0A2R8QKU6|A0A2R8QKU6_DANRE,1009,0,190,3
475,tr|F1Q9F3|F1Q9F3_DANRE,2795,1,588,0
476,tr|A0A0R4IUV4|A0A0R4IUV4_DANRE,1223,1,249,0
477,tr|A0A2R8Q8Y4|A0A2R8Q8Y4_DANRE,993,2,184,0
478,tr|E9QBA1|E9QBA1_DANRE,1467,49,166,32
479,tr|B0V226|B0V226_DANRE,1695,4,340,2
480,tr|Q1L8Z1|Q1L8Z1_DANRE,1832,5,389,5
481,tr|Q6XNL8|Q6XNL8_DANRE,722,4,638,1
482,tr|A0A2R8QMK9|A0A2R8QMK9_DANRE,1351,6,308,3
483,tr|A0A2R8QES8|A0A2R8QES8_DANRE,1741,3,339,3
484,tr|F1QGZ7|F1QGZ7_DANRE,1467,59,166,54
485,sp|Q6DBY2|NAA50_DANRE,398,1,73,0
486,tr|B8JL31|B8JL31_DANRE,2366,2,481,2
487,sp|Q7T3E5|KAT3_DANRE,677,4,115,3
488,tr|A0A0R4IIT0|A0A0R4IIT0_DANRE,907,0,167,2
489,tr|A0A2R8RND2|A0A2R8RND2_DANRE,1991,3,294,2
490,tr|E7FFM8|E7FFM8_DANRE,2595,0,545,1
491,tr|A0A2R8QE00|A0A2R8QE00_DANRE,1436,3,795,3
492,tr|Z4YIM6|Z4YIM6_DANRE,607,1,102,0
493,tr|E7F2U7|E7F2U7_DANRE,1403,2,283,1
494,tr|F1RCL6|F1RCL6_DANRE,1467,28,166,42
495,tr|X1WD19|X1WD19_DANRE,4228,1,299,3
496,tr|A0A2R8QNH7|A0A2R8QNH7_DANRE,1786,1,367,0
497,tr|B8A589|B8A589_DANRE,2316,1,468,0
498,sp|Q9I9P9|SMAD2_DANRE,814,1,142,0
499,tr|F6NJS4|F6NJS4_DANRE,3432,0,316,2
500,tr|F6PBM1|F6PBM1_DANRE,3466,0,320,1
501,tr|B8JLK9|B8JLK9_DANRE,2373,0,483,1
502,tr|A5PMP6|A5PMP6_DANRE,2058,2,168,0
503,tr|F1Q718|F1Q718_DANRE,2651,1,561,0
504,tr|A0A0R4IP97|A0A0R4IP97_DANRE,971,2,181,1
505,tr|A0A2R8QI50|A0A2R8QI50_DANRE,1730,0,354,1
506,tr|F8W449|F8W449_DANRE,1154,1,225,2
507,tr|E7F8J2|E7F8J2_DANRE,1346,5,276,12
508,tr|Q1LXH1|Q1LXH1_DANRE,150,5,337,2
509,tr|F8W298|F8W298_DANRE,1453,3,432,1
510,tr|A0A2R8RHW2|A0A2R8RHW2_DANRE,1844,1,376,0
511,tr|F6NHQ1|F6NHQ1_DANRE,1088,1,206,0
512,tr|E7F715|E7F715_DANRE,1179,2,336,1
513,tr|Q7ZUI1|Q7ZUI1_DANRE,2622,1,551,0
514,tr|A0A2R8QA59|A0A2R8QA59_DANRE,1547,3,311,2
515,tr|F6PD58|F6PD58_DANRE,3538,1,701,0
516,tr|F1QJZ6|F1QJZ6_DANRE,2967,0,381,1
517,tr|E9QFX1|E9QFX1_DANRE,3269,5,373,4
518,tr|F1QGV4|F1QGV4_DANRE,3499,3,607,0
519,tr|E7F0E8|E7F0E8_DANRE,925,1,500,0
520,tr|E9QF51|E9QF51_DANRE,1467,15,166,29
521,tr|Q6PGV0|Q6PGV0_DANRE,1154,2,225,0
522,tr|A0A286YA61|A0A286YA61_DANRE,3719,4,178,2
523,tr|A0A0R4IIT7|A0A0R4IIT7_DANRE,1390,6,149,10
524,tr|F1R8P9|F1R8P9_DANRE,2037,0,413,1
525,tr|Q6PH75|Q6PH75_DANRE,4024,0,559,1
526,tr|A0A0R4IRH1|A0A0R4IRH1_DANRE,1467,52,166,45
527,tr|F8W4V5|F8W4V5_DANRE,1699,2,341,0
528,tr|F1R9S8|F1R9S8_DANRE,2432,0,498,1
529,sp|Q6NV04|HACL2_DANRE,472,0,85,1
530,tr|I3IS20|I3IS20_DANRE,3504,0,729,1
531,tr|A8WHX2|A8WHX2_DANRE,676,1,114,0
532,tr|A0A286YAW0|A0A286YAW0_DANRE,1428,0,661,2
533,tr|A0A2R8RLM0|A0A2R8RLM0_DANRE,2967,1,381,0
534,tr|A0A2R8QBV3|A0A2R8QBV3_DANRE,1580,1,235,2
535,tr|X1WCD4|X1WCD4_DANRE,1346,7,276,15
536,tr|Q6DH49|Q6DH49_DANRE,3818,0,563,2
537,tr|X1WCG1|X1WCG1_DANRE,3455,2,698,0
538,tr|F1Q907|F1Q907_DANRE,3591,1,586,0
539,tr|F1R2T5|F1R2T5_DANRE,1428,2,661,1
540,sp|Q9DDT5|SPT5H_DANRE,805,4,139,2
541,tr|A0A2R8Q396|A0A2R8Q396_DANRE,1351,5,308,2
542,tr|A0A0R4IMX3|A0A0R4IMX3_DANRE,574,1,129,0
543,tr|A0A0R4IJK0|A0A0R4IJK0_DANRE,1004,1,186,0
544,tr|Q8AW60|Q8AW60_DANRE,4243,0,282,2
545,tr|A0A286YB87|A0A286YB87_DANRE,1436,0,795,1
546,tr|B8JL29|B8JL29_DANRE,2366,0,481,1
547,tr|Q6IQL9|Q6IQL9_DANRE,722,6,638,3
548,sp|A3KPK0|AGO3_DANRE,41,0,709,2
549,sp|Q803G5|SAM5A_DANRE,761,1,65,3
550,tr|F1RAW8|F1RAW8_DANRE,2681,1,570,2
551,tr|A4QN90|A4QN90_DANRE,2036,1,276,17
552,tr|Q6PBK0|Q6PBK0_DANRE,3988,0,560,1
553,tr|F1Q9I0|F1Q9I0_DANRE,1390,11,149,20
554,tr|E7FC96|E7FC96_DANRE,2555,0,536,2
555,tr|F1QJA1|F1QJA1_DANRE,2432,2,498,0
556,tr|B8A623|B8A623_DANRE,1467,19,166,34
557,tr|E9QBB5|E9QBB5_DANRE,380,2,70,0
558,tr|U3JA65|U3JA65_DANRE,2478,1,516,0
559,tr|Q6P2T1|Q6P2T1_DANRE,3948,0,452,1
560,tr|Q1LYQ0|Q1LYQ0_DANRE,3591,0,586,1
561,tr|F1QWU4|F1QWU4_DANRE,1741,4,339,4
562,tr|A0A0R4IJF0|A0A0R4IJF0_DANRE,4179,1,211,0
563,tr|A0A0R4IJ91|A0A0R4IJ91_DANRE,1088,3,206,2
564,tr|A0A0N4SUF6|A0A0N4SUF6_DANRE,906,4,165,0
565,tr|F8W522|F8W522_DANRE,2647,3,765,2
566,tr|A0A1D5NSK6|A0A1D5NSK6_DANRE,2535,2,527,1
567,tr|B0S642|B0S642_DANRE,284,1,438,0
568,tr|E7FAK0|E7FAK0_DANRE,2487,1,276,2
569,tr|F1Q6Y6|F1Q6Y6_DANRE,2741,1,580,0
570,tr|F6P0Y5|F6P0Y5_DANRE,3453,0,697,1
571,tr|X1WBW1|X1WBW1_DANRE,1467,37,166,7
572,tr|E9QCD8|E9QCD8_DANRE,2649,3,604,1
573,tr|A0A2R8Q904|A0A2R8Q904_DANRE,2558,4,327,1
574,tr|A0A0J9YJ68|A0A0J9YJ68_DANRE,2173,1,164,0
575,tr|A0A286Y9D4|A0A286Y9D4_DANRE,4243,1,282,0
576,tr|X1WDX4|X1WDX4_DANRE,1982,1,402,2
577,tr|F1QZ04|F1QZ04_DANRE,2400,1,487,0
578,tr|F8W334|F8W334_DANRE,2363,0,479,1
579,tr|E7F049|E7F049_DANRE,2432,1,498,2
580,tr|A0A2R8RZK5|A0A2R8RZK5_DANRE,3887,3,504,1
581,tr|E9QBA9|E9QBA9_DANRE,3330,1,547,0
582,tr|G1K2I9|G1K2I9_DANRE,66,1,9,0
583,sp|Q7SY24|KPCB_DANRE,643,0,106,1
584,tr|X1WC46|X1WC46_DANRE,2823,1,794,0
585,tr|F1QHF5|F1QHF5_DANRE,1832,3,389,3
586,tr|F1REG8|F1REG8_DANRE,1467,46,166,22
587,tr|A0A2R8Q4B7|A0A2R8Q4B7_DANRE,1326,0,274,1
588,tr|E7F225|E7F225_DANRE,2036,0,276,16
589,tr|E9QFX7|E9QFX7_DANRE,1467,54,166,47
590,tr|E7EYV6|E7EYV6_DANRE,3469,1,491,0
591,tr|E9QB41|E9QB41_DANRE,1741,0,339,1
592,tr|A0A2R8RM38|A0A2R8RM38_DANRE,1467,9,166,17
593,tr|E9QFP4|E9QFP4_DANRE,2422,1,495,0
594,tr|Q3B750|Q3B750_DANRE,3453,2,697,2
595,tr|E9QG83|E9QG83_DANRE,2655,6,558,7
596,tr|Q5XJ62|Q5XJ62_DANRE,1741,2,339,0
597,tr|A0A2R8PY04|A0A2R8PY04_DANRE,1480,1,297,1
598,tr|A0A0R4ISI0|A0A0R4ISI0_DANRE,1232,2,189,1
599,tr|A0A2R8PXE0|A0A2R8PXE0_DANRE,1474,2,295,0
600,tr|E7F2S4|E7F2S4_DANRE,2456,0,291,1
601,tr|I3ISK5|I3ISK5_DANRE,906,6,165,8
602,tr|F8W3S9|F8W3S9_DANRE,1453,6,300,2
603,tr|E9QJ52|E9QJ52_DANRE,1467,41,166,12
604,tr|A0A2R8QIE0|A0A2R8QIE0_DANRE,767,0,130,2
605,tr|A0A140LFY3|A0A140LFY3_DANRE,473,2,86,0
606,tr|E9QEE4|E9QEE4_DANRE,2648,0,659,1
607,tr|I3IT64|I3IT64_DANRE,4004,1,708,0
608,tr|F8W2R3|F8W2R3_DANRE,1799,2,369,0
609,tr|A0A2R8Q220|A0A2R8Q220_DANRE,2219,2,446,3
610,sp|A2RRV9|NARFL_DANRE,35,0,705,1
611,tr|B0S751|B0S751_DANRE,1586,1,442,0
612,tr|A0A140LFX2|A0A140LFX2_DANRE,1347,4,278,4
613,tr|E7FGP9|E7FGP9_DANRE,4243,2,282,1
614,tr|A0A2R8QCZ5|A0A2R8QCZ5_DANRE,1453,1,432,2
615,tr|A0A0R4IEA2|A0A0R4IEA2_DANRE,1009,2,190,1
616,tr|A0A286YBK3|A0A286YBK3_DANRE,1440,0,290,1
617,tr|F1QSW9|F1QSW9_DANRE,473,1,86,1
618,tr|A5WWL2|A5WWL2_DANRE,1390,3,149,1
619,tr|X1WE85|X1WE85_DANRE,3455,3,698,1
620,tr|A0A0R4IHZ5|A0A0R4IHZ5_DANRE,1063,1,201,2
621,tr|E9QDR9|E9QDR9_DANRE,1467,48,166,31
622,tr|A0A0R4IS45|A0A0R4IS45_DANRE,1223,0,249,1
623,tr|A0A2R8PWV1|A0A2R8PWV1_DANRE,1467,58,166,52
624,tr|F1QKP8|F1QKP8_DANRE,2980,0,568,2
625,tr|A0A2R8QFX2|A0A2R8QFX2_DANRE,1546,2,235,7
626,tr|A0A2R8RJV4|A0A2R8RJV4_DANRE,1584,2,321,1
627,tr|F1QK02|F1QK02_DANRE,1409,0,226,1
628,tr|H1A5Y8|H1A5Y8_DANRE,3499,0,607,1
629,tr|F1QL05|F1QL05_DANRE,1730,1,354,2
630,tr|A0A0R4IA23|A0A0R4IA23_DANRE,903,2,170,0
631,tr|F1QQK6|F1QQK6_DANRE,1546,3,235,10
632,tr|A8E5C1|A8E5C1_DANRE,1474,0,295,1
633,tr|Q7ZW13|Q7ZW13_DANRE,3704,1,364,2
634,tr|E9QG69|E9QG69_DANRE,2655,2,558,3
635,tr|F1QJH8|F1QJH8_DANRE,1392,0,281,1
636,tr|A0A0R4IRC0|A0A0R4IRC0_DANRE,971,0,181,3
637,sp|Q5U379|SNF5_DANRE,1792,5,63,2
638,tr|E9QHZ3|E9QHZ3_DANRE,1467,14,166,28
639,tr|E9QHP2|E9QHP2_DANRE,2980,2,568,1
640,tr|A0A2R8Q932|A0A2R8Q932_DANRE,1629,0,342,3
641,tr|Q5RGW0|Q5RGW0_DANRE,1428,1,661,0
642,tr|F1QMC3|F1QMC3_DANRE,3006,0,704,1
643,tr|X1WEZ6|X1WEZ6_DANRE,1561,1,313,0
644,tr|A3KPM5|A3KPM5_DANRE,739,1,123,0
645,tr|X1WD02|X1WD02_DANRE,1467,32,166,53
646,tr|A0A2R8QQC4|A0A2R8QQC4_DANRE,1436,2,795,2
647,tr|A4IG19|A4IG19_DANRE,2031,1,326,2
648,sp|Q05AM4|FAH2B_DANRE,3002,2,27,2
649,tr|A2BHT9|A2BHT9_DANRE,1976,0,737,1
650,tr|E9QFL6|E9QFL6_DANRE,3818,2,563,1
651,tr|A0A2R8QBG3|A0A2R8QBG3_DANRE,3125,1,333,0
652,tr|A0A2R8PYM0|A0A2R8PYM0_DANRE,902,2,163,1
653,tr|E7F912|E7F912_DANRE,675,2,113,1
654,tr|Q4KME9|Q4KME9_DANRE,1283,5,260,5
655,tr|E7F2W2|E7F2W2_DANRE,1351,4,308,1
656,tr|F1QNN6|F1QNN6_DANRE,1467,12,166,26
657,tr|X1WG48|X1WG48_DANRE,4308,0,797,1
658,tr|A0A2R8RU53|A0A2R8RU53_DANRE,903,1,170,2
659,tr|A0A0R4IYD0|A0A0R4IYD0_DANRE,3639,1,271,0
660,tr|F6PAM1|F6PAM1_DANRE,1841,3,741,2
661,tr|Q1LVL2|Q1LVL2_DANRE,1866,1,285,0
662,tr|F1Q7F0|F1Q7F0_DANRE,547,0,95,1
663,tr|A0A0R4IQ29|A0A0R4IQ29_DANRE,906,1,165,3
664,tr|A0A2R8RZS9|A0A2R8RZS9_DANRE,1832,2,389,0
665,tr|A0A2R8QAZ5|A0A2R8QAZ5_DANRE,86,3,224,3
666,tr|F1R9Z1|F1R9Z1_DANRE,1899,1,678,0
667,tr|E9QJE3|E9QJE3_DANRE,814,4,142,2
668,tr|F1R202|F1R202_DANRE,808,0,141,3
669,tr|A0A2R8Q198|A0A2R8Q198_DANRE,1164,2,230,3
670,tr|A0A2R8QFJ2|A0A2R8QFJ2_DANRE,444,2,81,1
671,tr|A0A140LGF8|A0A140LGF8_DANRE,1304,2,267,0
672,sp|Q0P4A6|TSSC4_DANRE,2655,10,558,10
673,tr|E7F4R0|E7F4R0_DANRE,2478,0,516,1
674,tr|A0A0R4ID45|A0A0R4ID45_DANRE,268,5,55,0
675,tr|F1R8D9|F1R8D9_DANRE,3330,0,547,1
676,tr|A0A2R8PVM3|A0A2R8PVM3_DANRE,1453,0,432,3
677,tr|F1QU06|F1QU06_DANRE,3905,1,637,0
678,tr|Q4G5W0|Q4G5W0_DANRE,1503,2,303,0
679,tr|A0A0R4IAR0|A0A0R4IAR0_DANRE,1467,26,166,40
680,tr|F1R263|F1R263_DANRE,472,1,85,0
681,tr|A0A2R8RVB7|A0A2R8RVB7_DANRE,1844,2,376,1
682,tr|Q1LVY3|Q1LVY3_DANRE,2633,0,556,1
683,tr|F1QVW8|F1QVW8_DANRE,2369,2,482,0
684,tr|A0A2R8QF38|A0A2R8QF38_DANRE,3499,5,607,3
685,sp|Q803R5|CMTR1_DANRE,767,2,130,1
686,tr|A0A2R8S024|A0A2R8S024_DANRE,1106,1,219,0
687,tr|A0A2R8QG16|A0A2R8QG16_DANRE,1629,3,342,2
688,tr|A0A0R4ITR2|A0A0R4ITR2_DANRE,1063,2,201,0
689,tr|F1QZR5|F1QZR5_DANRE,1467,47,166,25
690,tr|B8A630|B8A630_DANRE,1467,5,166,14
691,tr|Q7ZVX9|Q7ZVX9_DANRE,1834,2,785,0
692,tr|A9JRT4|A9JRT4_DANRE,3997,3,430,1
693,tr|Q7SYE2|Q7SYE2_DANRE,3501,1,706,0
694,tr|Q6DH59|Q6DH59_DANRE,1437,0,289,2
695,tr|A2CEP2|A2CEP2_DANRE,1187,3,237,4
696,tr|Q6DC49|Q6DC49_DANRE,3887,4,504,3
697,tr|F1QH12|F1QH12_DANRE,1795,3,359,2
698,tr|A0A0R4IWY5|A0A0R4IWY5_DANRE,1297,2,264,1
699,tr|F1QYK9|F1QYK9_DANRE,2277,3,460,1
700,tr|A0A2R8Q0F5|A0A2R8Q0F5_DANRE,1085,0,64,2
701,tr|B8A624|B8A624_DANRE,1467,6,166,15
702,tr|A0A2R8PZX1|A0A2R8PZX1_DANRE,3002,1,27,0
703,tr|Z4YIF3|Z4YIF3_DANRE,434,1,78,0
704,tr|A0A0R4IFP3|A0A0R4IFP3_DANRE,1028,0,312,2
705,tr|F1QZ20|F1QZ20_DANRE,3027,1,648,0
706,tr|A0A0R4IA93|A0A0R4IA93_DANRE,932,0,171,1
707,tr|A0A2R8QQX2|A0A2R8QQX2_DANRE,1304,3,267,2
708,tr|A0A2R8QPV7|A0A2R8QPV7_DANRE,1799,1,369,3
709,tr|F1QD27|F1QD27_DANRE,805,3,139,1
710,tr|E7FAN5|E7FAN5_DANRE,2535,1,527,0
711,sp|Q566U4|KFA_DANRE,268,4,55,5
712,sp|Q7SXM7|PRP31_DANRE,628,1,104,0
713,tr|B8A4W8|B8A4W8_DANRE,2881,3,466,0
714,tr|A0A2R8QIA5|A0A2R8QIA5_DANRE,2517,7,298,8
715,tr|A0A0R4IBA4|A0A0R4IBA4_DANRE,677,0,115,6
716,sp|Q5U3A7|OPA1_DANRE,1085,2,64,0
717,tr|E7F2X1|E7F2X1_DANRE,1812,1,507,0
718,sp|Q6DHU8|TOPK_DANRE,434,0,78,1
719,sp|Q49GP5|P4K2B_DANRE,228,1,49,0
720,tr|A9JSZ8|A9JSZ8_DANRE,906,3,165,5
721,tr|F1QJ18|F1QJ18_DANRE,1832,0,389,1
722,tr|A0A286Y8C1|A0A286Y8C1_DANRE,1377,1,280,0
723,tr|F1RB89|F1RB89_DANRE,3369,0,360,1
724,sp|Q6NV24|PXL2B_DANRE,473,0,86,2
725,tr|A0A0R4IG60|A0A0R4IG60_DANRE,1264,1,197,0
726,tr|E7F8E6|E7F8E6_DANRE,1390,9,149,17
727,tr|Q1LVI0|Q1LVI0_DANRE,1164,0,230,2
728,tr|F8W5A5|F8W5A5_DANRE,1467,45,166,21
729,tr|B8A5Y5|B8A5Y5_DANRE,2302,1,463,0
730,tr|Q5SPP2|Q5SPP2_DANRE,3719,0,178,1
731,tr|A0A2R8QF86|A0A2R8QF86_DANRE,1699,1,341,2
732,tr|F1QYD0|F1QYD0_DANRE,3185,0,646,1
733,tr|A0A2R8S035|A0A2R8S035_DANRE,1912,0,391,1
734,tr|A0A0H2UKW6|A0A0H2UKW6_DANRE,901,1,162,0
735,tr|F1R7M1|F1R7M1_DANRE,1422,1,286,3
736,tr|A0A286YAK8|A0A286YAK8_DANRE,1422,0,286,1
737,tr|A8KBW0|A8KBW0_DANRE,1453,4,432,4
738,tr|A0A2R8Q8M8|A0A2R8Q8M8_DANRE,2219,3,446,2
739,tr|A0A2R8RN02|A0A2R8RN02_DANRE,1786,0,367,2
740,tr|A0A2R8QAR5|A0A2R8QAR5_DANRE,1648,3,331,1
741,sp|Q7ZUC7|PGES2_DANRE,1586,2,442,1
742,tr|A0A2R8QJJ3|A0A2R8QJJ3_DANRE,3369,1,360,0
743,tr|A0A2R8Q6L6|A0A2R8Q6L6_DANRE,1467,53,166,46
744,tr|A0A0R4IVJ2|A0A0R4IVJ2_DANRE,1088,0,206,5
745,tr|F1RCD6|F1RCD6_DANRE,3122,1,640,0
746,sp|Q08BY1|MED17_DANRE,173,0,31,1
747,tr|F1QV15|F1QV15_DANRE,3125,0,333,1
748,tr|E9QJJ5|E9QJJ5_DANRE,513,1,91,0
749,tr|A0A286YA24|A0A286YA24_DANRE,1409,1,226,2
750,tr|A0A2R8QHX1|A0A2R8QHX1_DANRE,3499,7,607,4
751,tr|E7F0V5|E7F0V5_DANRE,1347,1,278,1
752,tr|A0A0N4SU34|A0A0N4SU34_DANRE,907,1,167,3
753,tr|A0A0R4IJ30|A0A0R4IJ30_DANRE,1085,1,64,3
754,tr|A0A2R8PVG8|A0A2R8PVG8_DANRE,1232,3,189,3
755,tr|F1QBG3|F1QBG3_DANRE,2369,0,482,1
756,tr|A0A2R8QJA0|A0A2R8QJA0_DANRE,1795,4,359,0
757,tr|A0A140LH34|A0A140LH34_DANRE,1346,1,276,0
758,tr|Q4G5W2|Q4G5W2_DANRE,1503,1,303,2
759,tr|A0A0R4IBR9|A0A0R4IBR9_DANRE,2762,1,179,0
760,tr|E7FBY1|E7FBY1_DANRE,4309,3,363,2
761,tr|Q7SY45|Q7SY45_DANRE,2311,1,777,0
762,tr|F1Q7N2|F1Q7N2_DANRE,2762,0,179,1
763,tr|Q502M9|Q502M9_DANRE,1437,1,289,0
764,tr|Q1LW13|Q1LW13_DANRE,2037,2,413,0
765,tr|A0A0R4INQ3|A0A0R4INQ3_DANRE,268,2,55,3
766,tr|F1R486|F1R486_DANRE,2741,0,580,1
767,tr|B0UYN1|B0UYN1_DANRE,1834,0,785,1
768,tr|A0A286YBA4|A0A286YBA4_DANRE,1437,2,289,1
769,tr|A0A0R4IMS6|A0A0R4IMS6_DANRE,1409,2,226,0
770,tr|A0A2R8QP61|A0A2R8QP61_DANRE,1792,1,63,3
771,tr|B8JIB1|B8JIB1_DANRE,235,2,50,1
772,tr|E9QEU0|E9QEU0_DANRE,1467,17,166,30
773,tr|E7F3X7|E7F3X7_DANRE,1232,1,189,0
774,tr|A0A2R8Q5G6|A0A2R8Q5G6_DANRE,1574,0,748,1
775,tr|A0A0R4ITH0|A0A0R4ITH0_DANRE,1104,1,270,1
776,tr|A0A0R4ID09|A0A0R4ID09_DANRE,993,1,184,1
777,tr|A0A2R8QJ29|A0A2R8QJ29_DANRE,1741,1,339,2
778,sp|Q7SYL1|AR2BP_DANRE,2015,2,108,1
779,tr|F8W5J3|F8W5J3_DANRE,3006,1,704,0
780,tr|Q1LVY2|Q1LVY2_DANRE,2633,1,556,2
781,tr|F1R2E0|F1R2E0_DANRE,2648,1,659,0
782,tr|A0A2R8QI61|A0A2R8QI61_DANRE,211,2,46,4
783,tr|Q66I42|Q66I42_DANRE,1574,1,748,0
784,tr|Q66IB1|Q66IB1_DANRE,1629,2,342,1
785,tr|A0A0R4ITI5|A0A0R4ITI5_DANRE,1063,0,201,1
786,tr|B8A5M8|B8A5M8_DANRE,2326,1,469,0
787,tr|A0A0R4ITC8|A0A0R4ITC8_DANRE,1247,0,243,1
788,tr|U3JAR4|U3JAR4_DANRE,3682,0,736,1
789,tr|A0A0N4SU23|A0A0N4SU23_DANRE,1467,38,166,8
790,tr|A3KPQ6|A3KPQ6_DANRE,1480,0,408,1
791,tr|A0A2R8QCK3|A0A2R8QCK3_DANRE,150,6,337,3
792,tr|Q502M2|Q502M2_DANRE,1648,2,331,0
793,tr|A0A286YB17|A0A286YB17_DANRE,1433,2,288,3
794,tr|B8JLJ7|B8JLJ7_DANRE,1841,4,741,3
795,tr|Q6P0H4|Q6P0H4_DANRE,3931,0,273,1
796,sp|Q6NZ09|ADRM1_DANRE,513,2,91,1
797,tr|A2BIQ8|A2BIQ8_DANRE,1982,0,402,1
798,tr|F1Q892|F1Q892_DANRE,2319,1,305,5
799,tr|U3JA76|U3JA76_DANRE,3682,2,736,2
800,tr|A0A2R8QQL6|A0A2R8QQL6_DANRE,805,0,139,3
801,tr|R4GF10|R4GF10_DANRE,3602,0,723,1
802,tr|A1L2B9|A1L2B9_DANRE,1943,0,475,2
803,tr|Q4VBV0|Q4VBV0_DANRE,3638,1,728,0
804,tr|A0A0G2KGZ7|A0A0G2KGZ7_DANRE,847,1,151,0
805,tr|A0A0R4IYC2|A0A0R4IYC2_DANRE,8,0,2,2
806,tr|A0A140LH09|A0A140LH09_DANRE,1347,0,278,3
807,tr|F1R4B5|F1R4B5_DANRE,3285,0,377,1
808,tr|F1Q5P5|F1Q5P5_DANRE,814,2,142,1
809,tr|X1WD74|X1WD74_DANRE,4308,1,797,0
810,tr|A0A2R8QQ99|A0A2R8QQ99_DANRE,1088,4,206,3
811,tr|A0A140LGX0|A0A140LGX0_DANRE,943,2,174,3
812,tr|A0A2R8QG51|A0A2R8QG51_DANRE,1580,0,235,1
813,sp|B0JZP3|THEM6_DANRE,86,1,224,2
814,tr|A0A2R8Q874|A0A2R8Q874_DANRE,1612,0,515,1
815,tr|A0A0H2UJM0|A0A0H2UJM0_DANRE,675,3,113,2
816,tr|B8JL27|B8JL27_DANRE,1440,1,290,0
817,tr|Q1LUB2|Q1LUB2_DANRE,1392,2,281,0
818,tr|F1QZM2|F1QZM2_DANRE,3818,3,563,3
819,tr|A0A2R8QTE7|A0A2R8QTE7_DANRE,1828,1,328,2
820,tr|A0A2R8RIT0|A0A2R8RIT0_DANRE,3285,1,377,0
821,tr|F1QE18|F1QE18_DANRE,675,4,113,3
822,tr|A0A2R8RMW6|A0A2R8RMW6_DANRE,1866,0,285,1
823,tr|F1Q8E9|F1Q8E9_DANRE,2655,8,558,9
824,tr|Q1LVG2|Q1LVG2_DANRE,683,1,118,2
825,tr|A0A0R4INS7|A0A0R4INS7_DANRE,3220,1,234,0
826,tr|A0A2R8QB02|A0A2R8QB02_DANRE,1652,3,667,2
827,tr|K4IKE9|K4IKE9_DANRE,41,1,709,3
828,tr|F1R866|F1R866_DANRE,3326,0,673,1
829,tr|B8JL30|B8JL30_DANRE,2366,1,481,0
830,tr|A0A2R8QR36|A0A2R8QR36_DANRE,1187,8,237,6
831,tr|I3ISJ2|I3ISJ2_DANRE,3453,1,697,0
832,tr|F1QS14|F1QS14_DANRE,2326,2,469,1
833,tr|A0A2R8QJ16|A0A2R8QJ16_DANRE,1652,0,667,3
834,sp|Q08BH7|UBE2T_DANRE,167,0,28,1
835,tr|K4IAH1|K4IAH1_DANRE,41,2,709,0
836,tr|A0A2R8Q554|A0A2R8Q554_DANRE,3432,2,316,1
837,tr|A0A0R4IK06|A0A0R4IK06_DANRE,1097,2,215,1
838,tr|E9QFV9|E9QFV9_DANRE,4007,1,564,0
839,sp|Q56A35|ARP2B_DANRE,282,2,56,0
840,tr|Q7T3B8|Q7T3B8_DANRE,1557,1,781,0
841,tr|X1WEV8|X1WEV8_DANRE,398,2,73,1
842,tr|E9QEW3|E9QEW3_DANRE,2655,3,558,4
843,tr|Q6AZ98|Q6AZ98_DANRE,3323,1,751,0
844,tr|A0A2R8QPK9|A0A2R8QPK9_DANRE,1795,1,359,4
845,tr|Q6TLE5|Q6TLE5_DANRE,4045,0,439,2
846,tr|F1QML8|F1QML8_DANRE,901,0,162,1
847,tr|A0A2R8QN17|A0A2R8QN17_DANRE,1779,0,380,2
848,tr|A0A140LH54|A0A140LH54_DANRE,943,3,174,0
849,tr|A0A2R8QRI0|A0A2R8QRI0_DANRE,1812,0,507,1
850,tr|A0A2R8RYI8|A0A2R8RYI8_DANRE,1741,5,339,5
851,tr|Q6IQV0|Q6IQV0_DANRE,1717,5,345,3
852,tr|A0A2R8PY05|A0A2R8PY05_DANRE,2517,1,298,1
853,tr|A0A0R4IWT6|A0A0R4IWT6_DANRE,971,1,181,0
854,tr|A0A0R4IM96|A0A0R4IM96_DANRE,1144,0,221,1
855,tr|A0A140LH79|A0A140LH79_DANRE,1347,3,278,0
856,tr|F1QIH9|F1QIH9_DANRE,1403,0,283,2
857,tr|A0A2R8QJK6|A0A2R8QJK6_DANRE,1695,5,340,3
858,tr|A0A2R8PY97|A0A2R8PY97_DANRE,2517,4,298,4
859,tr|Q7ZUZ2|Q7ZUZ2_DANRE,4163,0,724,1
860,tr|E7F244|E7F244_DANRE,3887,1,504,0
861,tr|R4GES8|R4GES8_DANRE,2811,1,590,0
862,tr|Q6NWK7|Q6NWK7_DANRE,3887,5,504,4
863,tr|F1R6C8|F1R6C8_DANRE,1377,0,280,1
864,tr|A0A2R8QDD1|A0A2R8QDD1_DANRE,2517,3,298,3
865,tr|A0A0R4IMS4|A0A0R4IMS4_DANRE,1154,0,225,1
866,tr|Q803N7|Q803N7_DANRE,1717,6,345,2
867,tr|A0A0R4IW79|A0A0R4IW79_DANRE,677,2,115,8
868,tr|A0A0R4IY57|A0A0R4IY57_DANRE,1104,2,270,0
869,tr|F1QFK9|F1QFK9_DANRE,2649,2,604,0
870,tr|E9QEK4|E9QEK4_DANRE,2651,0,561,1
871,tr|E9QFU6|E9QFU6_DANRE,1346,3,276,9
872,tr|A1L223|A1L223_DANRE,1939,2,393,0
873,tr|A9JSZ7|A9JSZ7_DANRE,1453,2,432,0
874,tr|E9QF22|E9QF22_DANRE,2657,2,550,3
875,tr|X1WGK9|X1WGK9_DANRE,2487,3,276,4
876,tr|A0A2R8Q6N9|A0A2R8Q6N9_DANRE,1467,43,166,20
877,tr|A8WGS1|A8WGS1_DANRE,513,3,91,2
878,tr|A0A0R4IPT9|A0A0R4IPT9_DANRE,8,1,2,0
879,sp|Q7T3E4|DBR1_DANRE,676,0,114,1
880,tr|Q6NYR9|Q6NYR9_DANRE,1283,0,260,2
